,名字,易數
0,Maanasa,134
1,Maansi,134
2,Mackensey,134
3,Mackensi,134
4,Mackensie,134
5,Mackinsey,134
6,Madasen,134
7,Madasin,134
8,Madason,134
9,Maddisen,134
10,Maddison,134
11,Maddisson,134
12,Madesen,134
13,Madeson,134
14,Madina,134
15,Madinah,134
16,Madine,134
17,Madisan,134
18,Madisen,134
19,Madisin,134
20,Madison,134
21,Madissen,134
22,Madisson,134
23,Madsion,134
24,Maesen,134
25,Magin,134
26,Mahasin,134
27,Mahina,134
28,Maidson,134
29,Maiken,134
30,Maimoona,134
31,Maina,134
32,Maine,134
33,Mainhia,134
34,Makensey,134
35,Makensi,134
36,Makensie,134
37,Makina,134
38,Makini,134
39,Makinna,134
40,Makinnah,134
41,Makinsey,134
42,Manasa,134
43,Manasi,134
44,Mandisa,134
45,Mandisha,134
46,Maneesha,134
47,Manesha,134
48,Manessa,134
49,Manija,134
50,Manijah,134
51,Manijeh,134
52,Manika,134
53,Manina,134
54,Manisa,134
55,Manisha,134
56,Mansha,134
57,Manshi,134
58,Mansi,134
59,Masani,134
60,Mashana,134
61,Mashanda,134
62,Mashanna,134
63,Mashyia,134
64,Masina,134
65,Mckensey,134
66,Mckensi,134
67,Mckensie,134
68,Mckinna,134
69,Mckinnah,134
70,Mckinney,134
71,Mckinsey,134
72,Mckinsie,134
73,Meagin,134
74,Medina,134
75,Medinah,134
76,Meenakshi,134
77,Meggin,134
78,Meghin,134
79,Megin,134
80,Mehvish,134
81,Meina,134
82,Mekensie,134
83,Menika,134
84,Mesan,134
85,Meshan,134
86,Mesina,134
87,Messina,134
88,Mhina,134
89,Miina,134
90,Mikan,134
91,Mikena,134
92,Mikenna,134
93,Mina,134
94,Minah,134
95,Minako,134
96,Minami,134
97,Minda,134
98,Minde,134
99,Mindee,134
100,Minden,134
101,Mindi,134
102,Mindie,134
103,Minea,134
104,Mineko,134
105,Minesha,134
106,Minetta,134
107,Minette,134
108,Minga,134
109,Minha,134
110,Minhanh,134
111,Mini,134
112,Minica,134
113,Minie,134
114,Minika,134
115,Minisha,134
116,Minji,134
117,Minka,134
118,Minna,134
119,Minnah,134
120,Minne,134
121,Minnetta,134
122,Minnette,134
123,Minnia,134
124,Minnie,134
125,Minsa,134
126,Minseo,134
127,Miona,134
128,Mionna,134
129,Misgana,134
130,Mishti,134
131,Modine,134
132,Mohini,134
133,Moina,134
134,Momina,134
135,Monasha,134
136,Monasia,134
137,Moneik,134
138,Moneika,134
139,Moneisha,134
140,Monesha,134
141,Moneshia,134
142,Monez,134
143,Moniesha,134
144,Monik,134
145,Monika,134
146,Monikah,134
147,Monike,134
148,Monikia,134
149,Monina,134
150,Monisa,134
151,Monise,134
152,Monisha,134
153,Monissa,134
154,Monse,134
155,Nahima,134
156,Naiima,134
157,Naima,134
158,Naimah,134
159,Naimo,134
160,Naioma,134
161,Naiome,134
162,Naiomi,134
163,Nakima,134
164,Namiko,134
165,Namine,134
166,Nasheema,134
167,Nashima,134
168,Nasma,134
169,Neima,134
170,Nemesis,134
171,Neshama,134
172,Nesma,134
173,Niaimani,134
174,Nickesha,134
175,Nickisha,134
176,Nicosha,134
177,Nicosia,134
178,Nikema,134
179,Nikima,134
180,Nikoma,134
181,Nimah,134
182,Nimco,134
183,Nimisha,134
184,Nimo,134
185,Nimsi,134
186,Ninasimone,134
187,Nioma,134
188,Niome,134
189,Niomi,134
190,Niomie,134
191,Nisma,134
192,Nokomis,134
193,Nsombi,134
194,Saman,134
195,Samana,134
196,Samanda,134
197,Samani,134
198,Sameen,134
199,Sameena,134
200,Samena,134
201,Samina,134
202,Saminah,134
203,Samoan,134
204,Samon,134
205,Samona,134
206,Samone,134
207,Samoni,134
208,Samonie,134
209,Sanam,134
210,Semone,134
211,Shaconda,134
212,Shaconna,134
213,Shadiamon,134
214,Shadiamond,134
215,Shadimon,134
216,Shamain,134
217,Shamaine,134
218,Shamanda,134
219,Shamane,134
220,Shamani,134
221,Shameen,134
222,Shamena,134
223,Shamina,134
224,Shamona,134
225,Shamonda,134
226,Shamone,134
227,Shamoni,134
228,Shamonia,134
229,Shamonica,134
230,Shanecka,134
231,Shanicka,134
232,Shasmeen,134
233,Shdiamond,134
234,Shemaine,134
235,Shengyeng,134
236,Shenicka,134
237,Simin,134
238,Simmone,134
239,Simona,134
240,Simone,134
241,Simonetta,134
242,Simoni,134
243,Simonne,134
244,Sinem,134
245,Sinnamon,134
246,Somona,134
247,Somone,134
248,Sonam,134
249,Sonoma,134
250,Soomin,134
251,Zamani,134
252,Zamoni,134
253,Aamina,1348
254,Aaminah,1348
255,Adamina,1348
256,Addington,1348
257,Aimani,1348
258,Aimen,1348
259,Amagine,1348
260,Amandine,1348
261,Ameina,1348
262,Amina,1348
263,Aminah,1348
264,Aminda,1348
265,Aminna,1348
266,Amino,1348
267,Anamika,1348
268,Anime,1348
269,Asimina,1348
270,Asmahan,1348
271,Bambina,1348
272,Casmin,1348
273,Chamaine,1348
274,Chasmin,1348
275,Chasmine,1348
276,Chemaine,1348
277,Chidinma,1348
278,Chimamanda,1348
279,Chimene,1348
280,Chineme,1348
281,Cimone,1348
282,Cinamon,1348
283,Cinnamin,1348
284,Cinnamon,1348
285,Cobina,1348
286,Concettina,1348
287,Conesha,1348
288,Conisha,1348
289,Consetta,1348
290,Daimond,1348
291,Damina,1348
292,Damini,1348
293,Damionna,1348
294,Desdemona,1348
295,Desmona,1348
296,Diamonds,1348
297,Dimon,1348
298,Dimond,1348
299,Domina,1348
300,Dominae,1348
301,Dominee,1348
302,Dominesha,1348
303,Dominga,1348
304,Domini,1348
305,Dominica,1348
306,Dominice,1348
307,Dominicia,1348
308,Dominicka,1348
309,Dominika,1348
310,Dominisha,1348
311,Domino,1348
312,Dominoe,1348
313,Eimaan,1348
314,Eiman,1348
315,Emagin,1348
316,Emagine,1348
317,Emina,1348
318,Emine,1348
319,Emogine,1348
320,Fahtima,1348
321,Gemini,1348
322,Getsemani,1348
323,Getzemani,1348
324,Giacomina,1348
325,Gimena,1348
326,Gioconda,1348
327,Hamsini,1348
328,Himani,1348
329,Imaan,1348
330,Imaani,1348
331,Imagean,1348
332,Imagen,1348
333,Imagene,1348
334,Imagin,1348
335,Imagine,1348
336,Imajean,1348
337,Imajen,1348
338,Iman,1348
339,Imana,1348
340,Imane,1348
341,Imanee,1348
342,Imani,1348
343,Imanie,1348
344,Imanii,1348
345,Imanni,1348
346,Imena,1348
347,Immani,1348
348,Immogene,1348
349,Imogean,1348
350,Imogen,1348
351,Imogene,1348
352,Imogin,1348
353,Imogine,1348
354,Imojean,1348
355,Imojene,1348
356,Imoni,1348
357,Imonie,1348
358,Inamae,1348
359,Ismahan,1348
360,Ismene,1348
361,Ismenia,1348
362,Jamesena,1348
363,Jamesina,1348
364,Jamina,1348
365,Jamine,1348
366,Jasamine,1348
367,Jasemine,1348
368,Jasiman,1348
369,Jasimen,1348
370,Jasimine,1348
371,Jasmain,1348
372,Jasmaine,1348
373,Jasman,1348
374,Jasmane,1348
375,Jasmeen,1348
376,Jasmen,1348
377,Jasmene,1348
378,Jasmien,1348
379,Jasmijn,1348
380,Jasmin,1348
381,Jasmina,1348
382,Jasminda,1348
383,Jasmine,1348
384,Jasminn,1348
385,Jasminne,1348
386,Jasmone,1348
387,Jassmen,1348
388,Jassmin,1348
389,Jassmine,1348
390,Jemina,1348
391,Jemini,1348
392,Jesmin,1348
393,Jesmine,1348
394,Jessamine,1348
395,Jhasmin,1348
396,Jhasmine,1348
397,Jimena,1348
398,Jimenna,1348
399,Jimin,1348
400,Jingyi,1348
401,Josmine,1348
402,Jsamine,1348
403,Kamina,1348
404,Kamini,1348
405,Kasmin,1348
406,Kasmine,1348
407,Keimani,1348
408,Keimoni,1348
409,Kensington,1348
410,Kimana,1348
411,Kimanh,1348
412,Kimani,1348
413,Kimann,1348
414,Kimona,1348
415,Kimone,1348
416,Kimonie,1348
417,Kinsington,1348
418,Taimane,1348
419,Taimani,1348
420,Tamanika,1348
421,Tamasine,1348
422,Tamina,1348
423,Taminka,1348
424,Tamsen,1348
425,Tamsin,1348
426,Tamson,1348
427,Tasmin,1348
428,Tasmine,1348
429,Tasneem,1348
430,Tasnim,1348
431,Tesneem,1348
432,Thienkim,1348
433,Timani,1348
434,Timnesha,1348
435,Tomacina,1348
436,Tomasina,1348
437,Vaimoana,1348
438,Yaasmeen,1348
439,Yamina,1348
440,Yaminah,1348
441,Yamini,1348
442,Yasaman,1348
443,Yasameen,1348
444,Yasamin,1348
445,Yasamine,1348
446,Yasemin,1348
447,Yasmaine,1348
448,Yasmean,1348
449,Yasmeen,1348
450,Yasmeena,1348
451,Yasmein,1348
452,Yasmen,1348
453,Yasmene,1348
454,Yasmiin,1348
455,Yasmin,1348
456,Yasmina,1348
457,Yasminda,1348
458,Yasmine,1348
459,Yassmin,1348
460,Yassmine,1348
461,Yesmeen,1348
462,Yesmin,1348
463,Yesmine,1348
464,Macenna,34
465,Mackena,34
466,Mackenna,34
467,Mackennah,34
468,Madchen,34
469,Maddigan,34
470,Madena,34
471,Madene,34
472,Madian,34
473,Madigan,34
474,Madoka,34
475,Madona,34
476,Madonna,34
477,Maedean,34
478,Maegan,34
479,Maegann,34
480,Maegen,34
481,Maeghan,34
482,Maeghen,34
483,Maeven,34
484,Magan,34
485,Magean,34
486,Magen,34
487,Magena,34
488,Maggen,34
489,Maghan,34
490,Maghann,34
491,Maghen,34
492,Mahana,34
493,Mahdeen,34
494,Maheen,34
495,Mahtab,34
496,Mahveen,34
497,Mahya,34
498,Maiana,34
499,Maianh,34
500,Maiden,34
501,Maigan,34
502,Maigen,34
503,Majken,34
504,Makanna,34
505,Makeena,34
506,Makena,34
507,Makenah,34
508,Makenna,34
509,Makennah,34
510,Makhya,34
511,Makhyia,34
512,Man,34
513,Mana,34
514,Manada,34
515,Manaia,34
516,Manami,34
517,Manda,34
518,Mandana,34
519,Mande,34
520,Mandee,34
521,Mandey,34
522,Mandi,34
523,Mandie,34
524,Mane,34
525,Manee,34
526,Maneh,34
527,Maneka,34
528,Manetta,34
529,Manette,34
530,Manha,34
531,Mania,34
532,Maniah,34
533,Manica,34
534,Manie,34
535,Manmeet,34
536,Manna,34
537,Mannette,34
538,Manon,34
539,Mckeena,34
540,Mckena,34
541,Mckenah,34
542,Mckenna,34
543,Mckennah,34
544,Mcneva,34
545,Meagan,34
546,Meagann,34
547,Meagen,34
548,Meaghan,34
549,Meaghann,34
550,Meaghen,34
551,Meahan,34
552,Meahgan,34
553,Meanna,34
554,Medena,34
555,Meegan,34
556,Meeghan,34
557,Meena,34
558,Meenah,34
559,Megaan,34
560,Megan,34
561,Megana,34
562,Megann,34
563,Meganne,34
564,Megean,34
565,Megen,34
566,Meggan,34
567,Meggen,34
568,Megghan,34
569,Meghaan,34
570,Meghan,34
571,Meghana,34
572,Meghann,34
573,Meghanne,34
574,Meghean,34
575,Meghen,34
576,Mehan,34
577,Mehana,34
578,Mehgan,34
579,Meigan,34
580,Meighan,34
581,Mekena,34
582,Mekenna,34
583,Mekhya,34
584,Mena,34
585,Menah,34
586,Menda,34
587,Mende,34
588,Mendee,34
589,Mendi,34
590,Mendie,34
591,Menna,34
592,Mennah,34
593,Mennie,34
594,Meyana,34
595,Meyanna,34
596,Meygan,34
597,Mhya,34
598,Miana,34
599,Mianca,34
600,Miani,34
601,Mianna,34
602,Micahya,34
603,Mickenna,34
604,Midnight,34
605,Mkenna,34
606,Moana,34
607,Moani,34
608,Modean,34
609,Modena,34
610,Modene,34
611,Modenia,34
612,Moena,34
613,Mona,34
614,Monaca,34
615,Monae,34
616,Monah,34
617,Monai,34
618,Monajah,34
619,Monce,34
620,Moncia,34
621,Monda,34
622,Mone,34
623,Monea,34
624,Moneak,34
625,Moneca,34
626,Monecia,34
627,Monee,34
628,Moneek,34
629,Moneeka,34
630,Monek,34
631,Moneka,34
632,Moneke,34
633,Monekia,34
634,Monet,34
635,Moneta,34
636,Monetta,34
637,Monette,34
638,Money,34
639,Moni,34
640,Monia,34
641,Monic,34
642,Monica,34
643,Monice,34
644,Monicia,34
645,Monick,34
646,Monicka,34
647,Monie,34
648,Moniece,34
649,Monifa,34
650,Monifah,34
651,Monja,34
652,Monna,34
653,Monnette,34
654,Monnica,34
655,Monnie,34
656,Moon,34
657,Moona,34
658,Naama,34
659,Naamah,34
660,Naami,34
661,Nacona,34
662,Naeema,34
663,Naeemah,34
664,Naema,34
665,Naeomi,34
666,Nagham,34
667,Nahema,34
668,Naiema,34
669,Najma,34
670,Najmah,34
671,Najmo,34
672,Nakeema,34
673,Nakema,34
674,Nami,34
675,Namia,34
676,Namiah,34
677,Namie,34
678,Nanaama,34
679,Nanami,34
680,Naoma,34
681,Naome,34
682,Naomee,34
683,Naomi,34
684,Naomia,34
685,Naomie,34
686,Naomii,34
687,Nechama,34
688,Neema,34
689,Neemah,34
690,Nehemie,34
691,Nema,34
692,Neoma,34
693,Neomi,34
694,Neomia,34
695,Neomie,34
696,Neyamiah,34
697,Niama,34
698,Niamani,34
699,Niambi,34
700,Niamh,34
701,Niamiah,34
702,Niaomi,34
703,Nickea,34
704,Nicketa,34
705,Nickeya,34
706,Nicki,34
707,Nickia,34
708,Nickie,34
709,Nickki,34
710,Nicoe,34
711,Niema,34
712,Niemah,34
713,Nkem,34
714,Nneoma,34
715,Noami,34
716,Noema,34
717,Noeme,34
718,Noemi,34
719,Noemie,34
720,Nohemi,34
721,Noma,34
722,Nomi,34
723,Nomia,34
724,Nomie,34
725,Noomi,34
726,Ma,3
727,Maaha,3
728,Maahi,3
729,Maame,3
730,Mabeth,3
731,Macaiah,3
732,Macee,3
733,Macey,3
734,Mache,3
735,Machia,3
736,Machiah,3
737,Maci,3
738,Macia,3
739,Maciah,3
740,Macie,3
741,Maciee,3
742,Macii,3
743,Mada,3
744,Madai,3
745,Madajah,3
746,Maddee,3
747,Maddi,3
748,Maddie,3
749,Madee,3
750,Madeeha,3
751,Madge,3
752,Madgie,3
753,Madi,3
754,Madia,3
755,Madie,3
756,Madiha,3
757,Mae,3
758,Maebh,3
759,Maeby,3
760,Maecee,3
761,Maeci,3
762,Maecie,3
763,Maeda,3
764,Maemi,3
765,Maeoma,3
766,Maeta,3
767,Maetta,3
768,Maeva,3
769,Maeve,3
770,Mag,3
771,Magabi,3
772,Magaby,3
773,Magda,3
774,Magee,3
775,Maggee,3
776,Maggi,3
777,Maggie,3
778,Maggy,3
779,Magi,3
780,Magie,3
781,Mah,3
782,Maha,3
783,Mahak,3
784,Maham,3
785,Mahdia,3
786,Mahee,3
787,Mahek,3
788,Mahi,3
789,Mahia,3
790,Mahie,3
791,Mai,3
792,Maia,3
793,Maiah,3
794,Maica,3
795,Maicee,3
796,Maicey,3
797,Maicie,3
798,Maida,3
799,Maidah,3
800,Maide,3
801,Maidee,3
802,Maidie,3
803,Maie,3
804,Maiha,3
805,Maja,3
806,Majda,3
807,Majeeda,3
808,Majida,3
809,Maka,3
810,Makada,3
811,Makahia,3
812,Makaia,3
813,Makaiah,3
814,Makamae,3
815,Makda,3
816,Makea,3
817,Makeba,3
818,Makeda,3
819,Makeeba,3
820,Makeia,3
821,Maketa,3
822,Maketta,3
823,Makeva,3
824,Makeya,3
825,Makhia,3
826,Makia,3
827,Makiah,3
828,Makiba,3
829,Makida,3
830,Makieya,3
831,Makkah,3
832,Mama,3
833,Mame,3
834,Mami,3
835,Mamie,3
836,Mammie,3
837,Mao,3
838,Maomi,3
839,Mc,3
840,Mckae,3
841,Me,3
842,Mea,3
843,Meabh,3
844,Meada,3
845,Meadie,3
846,Meah,3
847,Meca,3
848,Mecca,3
849,Meccah,3
850,Mecha,3
851,Mecia,3
852,Mecie,3
853,Meda,3
854,Meddie,3
855,Medea,3
856,Medha,3
857,Media,3
858,Medie,3
859,Mee,3
860,Meea,3
861,Meeah,3
862,Meeka,3
863,Meekah,3
864,Meeya,3
865,Meeyah,3
866,Meg,3
867,Mega,3
868,Megam,3
869,Meggi,3
870,Meggie,3
871,Megha,3
872,Megham,3
873,Meha,3
874,Mehak,3
875,Mehek,3
876,Mei,3
877,Meia,3
878,Meiah,3
879,Meka,3
880,Mekah,3
881,Mekea,3
882,Mekeba,3
883,Mekeia,3
884,Mekhia,3
885,Mekhiah,3
886,Mekia,3
887,Mekiah,3
888,Mekka,3
889,Mekkah,3
890,Meko,3
891,Meme,3
892,Meta,3
893,Metha,3
894,Meti,3
895,Metta,3
896,Mette,3
897,Mettie,3
898,Mey,3
899,Meya,3
900,Meyah,3
901,Mhia,3
902,Mi,3
903,Mia,3
904,Miaa,3
905,Miah,3
906,Miaha,3
907,Miaja,3
908,Miajah,3
909,Miakka,3
910,Miakoda,3
911,Miami,3
912,Mica,3
913,Micahia,3
914,Micca,3
915,Michaia,3
916,Michaiah,3
917,Miche,3
918,Michea,3
919,Michi,3
920,Michia,3
921,Michiah,3
922,Michie,3
923,Micia,3
924,Miciah,3
925,Micki,3
926,Mickia,3
927,Mickie,3
928,Mida,3
929,Midajah,3
930,Middie,3
931,Midge,3
932,Midgie,3
933,Mie,3
934,Mieka,3
935,Mieke,3
936,Mieko,3
937,Miette,3
938,Mieya,3
939,Miggie,3
940,Miha,3
941,Miia,3
942,Mocha,3
943,Moeko,3
944,Moet,3
945,Momie,3
946,Momo,3
947,Momoe,3
948,Momoka,3
949,Momoko,3
950,Na,4
951,Naa,4
952,Naadia,4
953,Naajia,4
954,Naana,4
955,Naba,4
956,Nabeeha,4
957,Nabia,4
958,Nabiha,4
959,Nabihah,4
960,Nache,4
961,Nada,4
962,Nadaja,4
963,Nadea,4
964,Nadean,4
965,Nadeane,4
966,Nadeen,4
967,Nadeene,4
968,Nadege,4
969,Nadeige,4
970,Nadeja,4
971,Nadene,4
972,Nadeya,4
973,Nadia,4
974,Nadiah,4
975,Nadie,4
976,Nadja,4
977,Nadjah,4
978,Naevia,4
979,Nafia,4
980,Nahdia,4
981,Naheed,4
982,Nahia,4
983,Nahid,4
984,Nahida,4
985,Nahide,4
986,Nahtanha,4
987,Nahya,4
988,Nai,4
989,Naia,4
990,Naiah,4
991,Naiana,4
992,Naibe,4
993,Naida,4
994,Naja,4
995,Najaah,4
996,Najada,4
997,Najae,4
998,Najah,4
999,Najai,4
1000,Naje,4
1001,Najea,4
1002,Najeebah,4
1003,Najha,4
1004,Najia,4
1005,Najiah,4
1006,Najya,4
1007,Nakaia,4
1008,Nakaiah,4
1009,Nakea,4
1010,Nakeba,4
1011,Nakecia,4
1012,Nakeda,4
1013,Nakee,4
1014,Nakeea,4
1015,Nakeena,4
1016,Nakeeta,4
1017,Nakeia,4
1018,Naketa,4
1019,Naketta,4
1020,Nakevia,4
1021,Nakeya,4
1022,Nakeyah,4
1023,Nakeyia,4
1024,Nakeyta,4
1025,Nakhia,4
1026,Nakhya,4
1027,Nakia,4
1028,Nakiah,4
1029,Nakida,4
1030,Nakie,4
1031,Nakiea,4
1032,Nakieta,4
1033,Nakieya,4
1034,Nakkia,4
1035,Nan,4
1036,Nana,4
1037,Nanako,4
1038,Nance,4
1039,Nancee,4
1040,Nancey,4
1041,Nanci,4
1042,Nanciann,4
1043,Nancianne,4
1044,Nancie,4
1045,Nanda,4
1046,Nandana,4
1047,Nandhana,4
1048,Nandi,4
1049,Nandni,4
1050,Nanea,4
1051,Naneka,4
1052,Nanett,4
1053,Nanetta,4
1054,Nanette,4
1055,Nani,4
1056,Nanie,4
1057,Nann,4
1058,Nanna,4
1059,Nannett,4
1060,Nannetta,4
1061,Nannette,4
1062,Nannie,4
1063,Nao,4
1064,Naobi,4
1065,Naoko,4
1066,Ndea,4
1067,Ndey,4
1068,Ndeye,4
1069,Ndia,4
1070,Ndidi,4
1071,Nea,4
1072,Neah,4
1073,Neajah,4
1074,Neana,4
1075,Necha,4
1076,Nechy,4
1077,Neci,4
1078,Necia,4
1079,Necie,4
1080,Neda,4
1081,Nedda,4
1082,Nedenia,4
1083,Nedia,4
1084,Neeah,4
1085,Neeka,4
1086,Neena,4
1087,Neenah,4
1088,Neeta,4
1089,Neeti,4
1090,Neeva,4
1091,Neeve,4
1092,Neeya,4
1093,Neeyah,4
1094,Negan,4
1095,Negeen,4
1096,Neghan,4
1097,Neha,4
1098,Neia,4
1099,Neiba,4
1100,Neicha,4
1101,Neida,4
1102,Neidi,4
1103,Neka,4
1104,Nekea,4
1105,Nekeda,4
1106,Nekeia,4
1107,Neketa,4
1108,Nekeya,4
1109,Nekia,4
1110,Nekki,4
1111,Nena,4
1112,Nenah,4
1113,Nene,4
1114,Neneh,4
1115,Nenette,4
1116,Nenia,4
1117,Neona,4
1118,Neta,4
1119,Netania,4
1120,Netha,4
1121,Nethania,4
1122,Netia,4
1123,Netta,4
1124,Nette,4
1125,Nettie,4
1126,Netty,4
1127,Nettye,4
1128,Nev,4
1129,Neva,4
1130,Nevach,4
1131,Nevada,4
1132,Nevae,4
1133,Nevaeh,4
1134,Nevaeha,4
1135,Nevaehia,4
1136,Nevaen,4
1137,Nevah,4
1138,Nevaha,4
1139,Nevaiah,4
1140,Neve,4
1141,Nevea,4
1142,Neveah,4
1143,Neveaha,4
1144,Neveen,4
1145,Nevena,4
1146,Neveya,4
1147,Neveyah,4
1148,Nevia,4
1149,Neviah,4
1150,Neya,4
1151,Neyah,4
1152,Neyba,4
1153,Neyda,4
1154,Neydi,4
1155,Neyva,4
1156,Nga,4
1157,Ngan,4
1158,Nghi,4
1159,Nhi,4
1160,Nhya,4
1161,Ni,4
1162,Nia,4
1163,Niah,4
1164,Niaja,4
1165,Niajah,4
1166,Niaje,4
1167,Niakia,4
1168,Niana,4
1169,Niang,4
1170,Niani,4
1171,Nianna,4
1172,Nica,4
1173,Nicci,4
1174,Nicey,4
1175,Nicha,4
1176,Niche,4
1177,Nichet,4
1178,Nicia,4
1179,Niciah,4
1180,Nicie,4
1181,Nida,4
1182,Nidhi,4
1183,Nidia,4
1184,Nieja,4
1185,Nieka,4
1186,Niekia,4
1187,Nieta,4
1188,Nieva,4
1189,Nieve,4
1190,Nieya,4
1191,Niha,4
1192,Nihad,4
1193,Nihya,4
1194,Niia,4
1195,Njideka,4
1196,Nkao,4
1197,Nkechi,4
1198,Nkenge,4
1199,Nna,4
1200,Nneka,4
1201,Nnenna,4
1202,No,4
1203,Noa,4
1204,Nobia,4
1205,Nobie,4
1206,Noda,4
1207,Nodia,4
1208,Nodie,4
1209,Noga,4
1210,Noha,4
1211,Nohea,4
1212,Nokia,4
1213,Nona,4
1214,Nonah,4
1215,Nonda,4
1216,Noni,4
1217,Nonia,4
1218,Nonie,4
1219,Nonna,4
1220,Nonnie,4
1221,Noon,4
1222,Saachi,1
1223,Saada,1
1224,Saadia,1
1225,Saajida,1
1226,Saakshi,1
1227,Saasha,1
1228,Saba,1
1229,Sabah,1
1230,Sabha,1
1231,Sabia,1
1232,Sabiha,1
1233,Saby,1
1234,Sacha,1
1235,Sache,1
1236,Sachet,1
1237,Sachi,1
1238,Sachie,1
1239,Sachika,1
1240,Sachiko,1
1241,Sacia,1
1242,Sada,1
1243,Sadae,1
1244,Sadaf,1
1245,Sadako,1
1246,Saddie,1
1247,Sade,1
1248,Sadea,1
1249,Sadee,1
1250,Sadeigh,1
1251,Sadeja,1
1252,Sadey,1
1253,Sadhika,1
1254,Sadi,1
1255,Sadia,1
1256,Sadiah,1
1257,Sadie,1
1258,Sadiee,1
1259,Sadiga,1
1260,Sadika,1
1261,Sadio,1
1262,Sae,1
1263,Saedee,1
1264,Saedi,1
1265,Saedie,1
1266,Saee,1
1267,Saeeda,1
1268,Saeko,1
1269,Saesha,1
1270,Safa,1
1271,Safaa,1
1272,Safah,1
1273,Safeya,1
1274,Saffa,1
1275,Safia,1
1276,Safiah,1
1277,Saga,1
1278,Sage,1
1279,Sahai,1
1280,Sahiba,1
1281,Saia,1
1282,Saiah,1
1283,Saida,1
1284,Saidah,1
1285,Saide,1
1286,Saidee,1
1287,Saidey,1
1288,Saidi,1
1289,Saidie,1
1290,Saige,1
1291,Saija,1
1292,Saije,1
1293,Saisha,1
1294,Saja,1
1295,Sajada,1
1296,Sajah,1
1297,Sajda,1
1298,Sajdah,1
1299,Saje,1
1300,Sajeda,1
1301,Sajidah,1
1302,Saketha,1
1303,Sakeya,1
1304,Sakhia,1
1305,Saki,1
1306,Sakia,1
1307,Sakiah,1
1308,Sakiko,1
1309,Sakisha,1
1310,Sakshi,1
1311,Sascha,1
1312,Sasha,1
1313,Sashae,1
1314,Sashe,1
1315,Sashi,1
1316,Sashia,1
1317,Sasia,1
1318,Saskia,1
1319,Schae,1
1320,Se,1
1321,Seba,1
1322,Secia,1
1323,Seda,1
1324,See,1
1325,Seeta,1
1326,Seeya,1
1327,Sehaj,1
1328,Sehej,1
1329,Seidi,1
1330,Seija,1
1331,Seja,1
1332,Seka,1
1333,Sekia,1
1334,Sesha,1
1335,Seta,1
1336,Seva,1
1337,Sevaeh,1
1338,Sevda,1
1339,Seveah,1
1340,Sevi,1
1341,Seviah,1
1342,Seya,1
1343,Seydi,1
1344,Sha,1
1345,Shaasia,1
1346,Shachi,1
1347,Shada,1
1348,Shadae,1
1349,Shadai,1
1350,Shadaisha,1
1351,Shadaja,1
1352,Shadajah,1
1353,Shadasha,1
1354,Shadasia,1
1355,Shaddai,1
1356,Shade,1
1357,Shadea,1
1358,Shadee,1
1359,Shadeja,1
1360,Shadejah,1
1361,Shadey,1
1362,Shadia,1
1363,Shadie,1
1364,Shadijah,1
1365,Shae,1
1366,Shahad,1
1367,Shahada,1
1368,Shahadah,1
1369,Shahd,1
1370,Shahed,1
1371,Shaheeda,1
1372,Shaheedah,1
1373,Shahida,1
1374,Shahidah,1
1375,Shai,1
1376,Shaia,1
1377,Shaiasia,1
1378,Shaida,1
1379,Shaikha,1
1380,Shaisha,1
1381,Shakea,1
1382,Shakeah,1
1383,Shakeba,1
1384,Shakeda,1
1385,Shakeeka,1
1386,Shakeeta,1
1387,Shakeia,1
1388,Shakeisha,1
1389,Shakesha,1
1390,Shakeshia,1
1391,Shaketa,1
1392,Shaketha,1
1393,Shakethia,1
1394,Shaketia,1
1395,Shaketta,1
1396,Shakeva,1
1397,Shakevia,1
1398,Shakeya,1
1399,Shakeyah,1
1400,Shakeyda,1
1401,Shakeyia,1
1402,Shakeyta,1
1403,Shakhia,1
1404,Shakia,1
1405,Shakiah,1
1406,Shakida,1
1407,Shakiea,1
1408,Shakiesha,1
1409,Shakieta,1
1410,Shakisha,1
1411,Shakka,1
1412,Shakkia,1
1413,Shasa,1
1414,Shasha,1
1415,Shaska,1
1416,She,1
1417,Shea,1
1418,Sheba,1
1419,Sheccid,1
1420,Shecid,1
1421,Sheeba,1
1422,Sheeva,1
1423,Sheida,1
1424,Sheika,1
1425,Sheikha,1
1426,Sheka,1
1427,Shekeia,1
1428,Sheketa,1
1429,Sheketha,1
1430,Shekevia,1
1431,Shekeya,1
1432,Shekia,1
1433,Sheshe,1
1434,Sheteka,1
1435,Shetia,1
1436,Shetika,1
1437,Sheva,1
1438,Shevetta,1
1439,Shevette,1
1440,Shevi,1
1441,Shevy,1
1442,Sheyda,1
1443,Sheza,1
1444,Shi,1
1445,Shiah,1
1446,Shiasia,1
1447,Shida,1
1448,Shieda,1
1449,Shieka,1
1450,Shiesha,1
1451,Shifa,1
1452,Shiffy,1
1453,Shigeko,1
1454,Shiketa,1
1455,Shikha,1
1456,Shikia,1
1457,Sia,1
1458,Siah,1
1459,Siba,1
1460,Sibbie,1
1461,Sidda,1
1462,Siddeegah,1
1463,Siddhi,1
1464,Siddie,1
1465,Sidea,1
1466,Sieda,1
1467,Siedah,1
1468,Sifa,1
1469,Sisi,1
1470,Sissi,1
1471,Sissie,1
1472,Skai,1
1473,Ski,1
1474,Skie,1
1475,Skii,1
1476,So,1
1477,Sobeida,1
1478,Sobia,1
1479,Sochi,1
1480,Soda,1
1481,Sofee,1
1482,Soffia,1
1483,Soffie,1
1484,Sofhia,1
1485,Sofi,1
1486,Sofia,1
1487,Sofiah,1
1488,Sofie,1
1489,Sofija,1
1490,Sofya,1
1491,Soha,1
1492,Sokha,1
1493,Soo,1
1494,Sook,1
1495,Sookie,1
1496,Sosha,1
1497,Sosie,1
1498,Zabdi,1
1499,Zada,1
1500,Zadah,1
1501,Zaddie,1
1502,Zadee,1
1503,Zadi,1
1504,Zadia,1
1505,Zadie,1
1506,Zaeda,1
1507,Zaeya,1
1508,Zahia,1
1509,Zahida,1
1510,Zahidah,1
1511,Zaia,1
1512,Zaiah,1
1513,Zaida,1
1514,Zaidah,1
1515,Zaidee,1
1516,Zaisha,1
1517,Zakeea,1
1518,Zakeia,1
1519,Zakeya,1
1520,Zakeyah,1
1521,Zakeyia,1
1522,Zakhia,1
1523,Zakia,1
1524,Zakiah,1
1525,Zasha,1
1526,Zasia,1
1527,Zea,1
1528,Zeah,1
1529,Zeasia,1
1530,Zeba,1
1531,Zeda,1
1532,Zeeva,1
1533,Zeffie,1
1534,Zeida,1
1535,Zeidi,1
1536,Zekia,1
1537,Zeta,1
1538,Zetha,1
1539,Zetta,1
1540,Zettie,1
1541,Zeva,1
1542,Zevaeh,1
1543,Zeya,1
1544,Zeyah,1
1545,Zeyda,1
1546,Zeza,1
1547,Zhia,1
1548,Zi,1
1549,Zia,1
1550,Ziah,1
1551,Ziasia,1
1552,Zida,1
1553,Zikeya,1
1554,Zikeyah,1
1555,Zikia,1
1556,Zya,1
1557,Zyah,1
1558,Zyashia,1
1559,Zyasia,1
1560,Zyda,1
1561,Zydia,1
1562,Zyesha,1
1563,Zyia,1
1564,Zyiah,1
