,名字,Gender,易數
0,Maanas,M,134
1,Maanasa,F,134
2,Maansi,F,134
3,Macedonio,M,134
4,Maceson,M,134
5,Macin,M,134
6,Mackensey,F,134
7,Mackensi,F,134
8,Mackensie,F,134
9,Mackenson,M,134
10,Mackinnon,M,134
11,Mackinsey,F,134
12,Macksen,M,134
13,Mackson,M,134
14,Macsen,M,134
15,Macson,M,134
16,Madasen,F,134
17,Madasin,F,134
18,Madason,F,134
19,Maddin,M,134
20,Maddisen,F,134
21,Maddison,F,134
22,Maddisson,F,134
23,Madesen,F,134
24,Madeson,F,134
25,Madina,F,134
26,Madinah,F,134
27,Madine,F,134
28,Madisan,F,134
29,Madisen,F,134
30,Madisin,F,134
31,Madison,F,134
32,Madissen,F,134
33,Madisson,F,134
34,Mads,M,134
35,Madsen,M,134
36,Madsion,F,134
37,Maesen,F,134
38,Maeson,M,134
39,Magin,F,134
40,Mahasin,F,134
41,Mahin,M,134
42,Mahina,F,134
43,Maidson,F,134
44,Maiken,F,134
45,Maimoona,F,134
46,Maina,F,134
47,Maine,F,134
48,Mainhia,F,134
49,Maisen,M,134
50,Maison,M,134
51,Makensey,F,134
52,Makensi,F,134
53,Makensie,F,134
54,Makin,M,134
55,Makina,F,134
56,Makini,F,134
57,Makinna,F,134
58,Makinnah,F,134
59,Makinsey,F,134
60,Maksen,M,134
61,Makson,M,134
62,Manas,M,134
63,Manasa,F,134
64,Manase,M,134
65,Manases,M,134
66,Manasi,F,134
67,Manasseh,M,134
68,Mandisa,F,134
69,Mandisha,F,134
70,Maneesh,M,134
71,Maneesha,F,134
72,Manesha,F,134
73,Manessa,F,134
74,Manija,F,134
75,Manijah,F,134
76,Manijeh,F,134
77,Manik,M,134
78,Manika,F,134
79,Manina,F,134
80,Manisa,F,134
81,Manish,M,134
82,Manisha,F,134
83,Manning,M,134
84,Mansa,M,134
85,Mansha,F,134
86,Manshi,F,134
87,Mansi,F,134
88,Manson,M,134
89,Masan,M,134
90,Masani,F,134
91,Mascen,M,134
92,Masen,M,134
93,Mashana,F,134
94,Mashanda,F,134
95,Mashanna,F,134
96,Mashyia,F,134
97,Masin,M,134
98,Masina,F,134
99,Masion,M,134
100,Mason,M,134
101,Masonjames,M,134
102,Massen,M,134
103,Masson,M,134
104,Mccain,M,134
105,Mckensey,F,134
106,Mckensi,F,134
107,Mckensie,F,134
108,Mckinna,F,134
109,Mckinnah,F,134
110,Mckinney,F,134
111,Mckinnon,M,134
112,Mckinsey,F,134
113,Mckinsie,F,134
114,Meagin,F,134
115,Medhansh,M,134
116,Medin,M,134
117,Medina,F,134
118,Medinah,F,134
119,Meenakshi,F,134
120,Meggin,F,134
121,Meghin,F,134
122,Megin,F,134
123,Mehvish,F,134
124,Meina,F,134
125,Mekensie,F,134
126,Menasha,M,134
127,Menashe,M,134
128,Menika,F,134
129,Mensah,M,134
130,Mesan,F,134
131,Meshan,F,134
132,Mesina,F,134
133,Messina,F,134
134,Metin,M,134
135,Mhina,F,134
136,Miina,F,134
137,Mikan,F,134
138,Miken,M,134
139,Mikena,F,134
140,Mikenna,F,134
141,Miking,M,134
142,Min,M,134
143,Mina,F,134
144,Minah,F,134
145,Minako,F,134
146,Minami,F,134
147,Minas,M,134
148,Minda,F,134
149,Minde,F,134
150,Mindee,F,134
151,Minden,F,134
152,Mindi,F,134
153,Mindie,F,134
154,Minea,F,134
155,Mineko,F,134
156,Minesh,M,134
157,Minesha,F,134
158,Minetta,F,134
159,Minette,F,134
160,Ming,M,134
161,Minga,F,134
162,Minh,M,134
163,Minha,F,134
164,Minhanh,F,134
165,Mini,F,134
166,Minica,F,134
167,Minie,F,134
168,Minika,F,134
169,Minisha,F,134
170,Minjae,M,134
171,Minji,F,134
172,Minjoon,M,134
173,Minka,F,134
174,Minna,F,134
175,Minnah,F,134
176,Minne,F,134
177,Minnetta,F,134
178,Minnette,F,134
179,Minnia,F,134
180,Minnie,F,134
181,Minnis,M,134
182,Minos,M,134
183,Minsa,F,134
184,Minseo,F,134
185,Miona,F,134
186,Mionna,F,134
187,Misgana,F,134
188,Mishti,F,134
189,Mison,M,134
190,Modine,F,134
191,Mohamedamiin,M,134
192,Mohamedamin,M,134
193,Mohamedamine,M,134
194,Mohini,F,134
195,Moina,F,134
196,Moishy,M,134
197,Momin,M,134
198,Momina,F,134
199,Monasha,F,134
200,Monasia,F,134
201,Moneik,F,134
202,Moneika,F,134
203,Moneisha,F,134
204,Monesha,F,134
205,Moneshia,F,134
206,Monez,F,134
207,Moniesha,F,134
208,Monik,F,134
209,Monika,F,134
210,Monikah,F,134
211,Monike,F,134
212,Monikia,F,134
213,Monina,F,134
214,Monisa,F,134
215,Monise,F,134
216,Monish,M,134
217,Monisha,F,134
218,Monissa,F,134
219,Monse,F,134
220,Monson,M,134
221,Nadim,M,134
222,Naheim,M,134
223,Nahim,M,134
224,Nahima,F,134
225,Naiim,M,134
226,Naiima,F,134
227,Naim,M,134
228,Naima,F,134
229,Naimah,F,134
230,Naimo,F,134
231,Naioma,F,134
232,Naiome,F,134
233,Naiomi,F,134
234,Nakima,F,134
235,Namiko,F,134
236,Namine,F,134
237,Namish,M,134
238,Naseem,M,134
239,Naseim,M,134
240,Nasheem,M,134
241,Nasheema,F,134
242,Nashiem,M,134
243,Nashima,F,134
244,Nasiem,M,134
245,Nasim,M,134
246,Nasma,F,134
247,Nassem,M,134
248,Nassim,M,134
249,Nedim,M,134
250,Nehemias,M,134
251,Nehimiah,M,134
252,Neima,F,134
253,Neiman,M,134
254,Neimiah,M,134
255,Nemecio,M,134
256,Nemesio,M,134
257,Nemesis,F,134
258,Neshama,F,134
259,Nesma,F,134
260,Niaimani,F,134
261,Nickesha,F,134
262,Nickisha,F,134
263,Nickos,M,134
264,Nickson,M,134
265,Nicomedes,M,134
266,Nicos,M,134
267,Nicosha,F,134
268,Nicosia,F,134
269,Nicson,M,134
270,Nikeem,M,134
271,Nikema,F,134
272,Nikima,F,134
273,Nikodem,M,134
274,Nikoma,F,134
275,Nim,M,134
276,Nima,M,134
277,Nimah,F,134
278,Nimai,M,134
279,Nimco,F,134
280,Nimesh,M,134
281,Nimish,M,134
282,Nimisha,F,134
283,Nimo,F,134
284,Nimsi,F,134
285,Ninasimone,F,134
286,Nioma,F,134
287,Niome,F,134
288,Niomi,F,134
289,Niomie,F,134
290,Nisma,F,134
291,Nissim,M,134
292,Nkemjika,M,134
293,Nokomis,F,134
294,Nsombi,F,134
295,Sadman,M,134
296,Saimon,M,134
297,Saman,F,134
298,Samana,F,134
299,Samanda,F,134
300,Samani,F,134
301,Sameen,F,134
302,Sameena,F,134
303,Samena,F,134
304,Samien,M,134
305,Samin,M,134
306,Samina,F,134
307,Saminah,F,134
308,Samisoni,M,134
309,Samnang,M,134
310,Samoan,F,134
311,Samon,F,134
312,Samona,F,134
313,Samone,F,134
314,Samoni,F,134
315,Samonie,F,134
316,Samson,M,134
317,Sanam,F,134
318,Seaman,M,134
319,Seamon,M,134
320,Secondo,M,134
321,Semon,M,134
322,Semone,F,134
323,Shaconda,F,134
324,Shaconna,F,134
325,Shadiamon,F,134
326,Shadiamond,F,134
327,Shadimon,F,134
328,Shadman,M,134
329,Shamain,F,134
330,Shamaine,F,134
331,Shaman,M,134
332,Shamanda,F,134
333,Shamane,F,134
334,Shamani,F,134
335,Shameen,F,134
336,Shamena,F,134
337,Shamina,F,134
338,Shammond,M,134
339,Shamon,M,134
340,Shamona,F,134
341,Shamond,M,134
342,Shamonda,F,134
343,Shamone,F,134
344,Shamoni,F,134
345,Shamonia,F,134
346,Shamonica,F,134
347,Shanecka,F,134
348,Shanicka,F,134
349,Shasmeen,F,134
350,Shdiamond,F,134
351,Shemaine,F,134
352,Shengyeng,F,134
353,Shenicka,F,134
354,Shimon,M,134
355,Shyam,M,134
356,Shyheem,M,134
357,Shyheim,M,134
358,Shyhem,M,134
359,Shyhiem,M,134
360,Shyiem,M,134
361,Simeon,M,134
362,Simin,F,134
363,Simion,M,134
364,Simione,M,134
365,Simmeon,M,134
366,Simmon,M,134
367,Simmone,F,134
368,Simmons,M,134
369,Simon,M,134
370,Simona,F,134
371,Simone,F,134
372,Simonetta,F,134
373,Simoni,F,134
374,Simonne,F,134
375,Sinem,F,134
376,Sinnamon,F,134
377,Somnang,M,134
378,Somona,F,134
379,Somone,F,134
380,Sonam,F,134
381,Sonoma,F,134
382,Soomin,F,134
383,Zaman,M,134
384,Zamani,F,134
385,Zamian,M,134
386,Zamien,M,134
387,Zamion,M,134
388,Zamon,M,134
389,Zamoni,F,134
390,Maan,M,34
391,Macaden,M,34
392,Macen,M,34
393,Macenna,F,34
394,Maceon,M,34
395,Mackena,F,34
396,Mackenna,F,34
397,Mackennah,F,34
398,Macon,M,34
399,Madan,M,34
400,Madchen,F,34
401,Maddan,M,34
402,Madden,M,34
403,Maddigan,F,34
404,Maddoc,M,34
405,Maddock,M,34
406,Maddon,M,34
407,Maden,M,34
408,Madena,F,34
409,Madene,F,34
410,Madian,F,34
411,Madigan,F,34
412,Madoc,M,34
413,Madoka,F,34
414,Madon,M,34
415,Madona,F,34
416,Madonna,F,34
417,Maedean,F,34
418,Maegan,F,34
419,Maegann,F,34
420,Maegen,F,34
421,Maeghan,F,34
422,Maeghen,F,34
423,Maeven,F,34
424,Magan,F,34
425,Magean,F,34
426,Magen,F,34
427,Magena,F,34
428,Maggen,F,34
429,Maghan,F,34
430,Maghann,F,34
431,Maghen,F,34
432,Mahan,M,34
433,Mahana,F,34
434,Mahdeen,F,34
435,Maheen,F,34
436,Mahtab,F,34
437,Mahveen,F,34
438,Mahya,F,34
439,Maiana,F,34
440,Maianh,F,34
441,Maicon,M,34
442,Maiden,F,34
443,Maigan,F,34
444,Maigen,F,34
445,Majken,F,34
446,Makaden,M,34
447,Makaiden,M,34
448,Makana,M,34
449,Makani,M,34
450,Makanna,F,34
451,Makeen,M,34
452,Makeena,F,34
453,Makena,F,34
454,Makenah,F,34
455,Makenna,F,34
456,Makennah,F,34
457,Makhy,M,34
458,Makhya,F,34
459,Makhyia,F,34
460,Makonnen,M,34
461,Mamon,M,34
462,Mamoon,M,34
463,Man,F,34
464,Mana,F,34
465,Manada,F,34
466,Manaf,M,34
467,Manaia,F,34
468,Manami,F,34
469,Manan,M,34
470,Mance,M,34
471,Mancie,M,34
472,Manda,F,34
473,Mandana,F,34
474,Mande,F,34
475,Mandee,F,34
476,Mandey,F,34
477,Mandi,F,34
478,Mandie,F,34
479,Mando,M,34
480,Mane,F,34
481,Manee,F,34
482,Maneet,M,34
483,Maneh,F,34
484,Maneka,F,34
485,Manetta,F,34
486,Manette,F,34
487,Mang,M,34
488,Manh,M,34
489,Manha,F,34
490,Mani,M,34
491,Mania,F,34
492,Maniah,F,34
493,Manica,F,34
494,Manie,F,34
495,Manmeet,F,34
496,Mann,M,34
497,Manna,F,34
498,Mannan,M,34
499,Mannette,F,34
500,Mannie,M,34
501,Mannon,M,34
502,Mano,M,34
503,Manoa,M,34
504,Manoah,M,34
505,Manoj,M,34
506,Manon,F,34
507,Mcadoo,M,34
508,Mckaden,M,34
509,Mckane,M,34
510,Mckean,M,34
511,Mckeena,F,34
512,Mckena,F,34
513,Mckenah,F,34
514,Mckenna,F,34
515,Mckennah,F,34
516,Mckennan,M,34
517,Mckennon,M,34
518,Mckeon,M,34
519,Mcneva,F,34
520,Meagan,F,34
521,Meagann,F,34
522,Meagen,F,34
523,Meaghan,F,34
524,Meaghann,F,34
525,Meaghen,F,34
526,Meahan,F,34
527,Meahgan,F,34
528,Meanna,F,34
529,Medena,F,34
530,Meegan,F,34
531,Meeghan,F,34
532,Meena,F,34
533,Meenah,F,34
534,Megaan,F,34
535,Megan,F,34
536,Megana,F,34
537,Megann,F,34
538,Meganne,F,34
539,Megean,F,34
540,Megen,F,34
541,Meggan,F,34
542,Meggen,F,34
543,Megghan,F,34
544,Meghaan,F,34
545,Meghan,F,34
546,Meghana,F,34
547,Meghann,F,34
548,Meghanne,F,34
549,Meghean,F,34
550,Meghen,F,34
551,Mehan,F,34
552,Mehana,F,34
553,Mehgan,F,34
554,Mehtaab,M,34
555,Mehtab,M,34
556,Meigan,F,34
557,Meighan,F,34
558,Mekena,F,34
559,Mekenna,F,34
560,Mekhya,F,34
561,Mena,F,34
562,Menachem,M,34
563,Menah,F,34
564,Menda,F,34
565,Mende,F,34
566,Mendee,F,34
567,Mendi,F,34
568,Mendie,F,34
569,Meng,M,34
570,Menna,F,34
571,Mennah,F,34
572,Mennie,F,34
573,Menno,M,34
574,Metehan,M,34
575,Meyana,F,34
576,Meyanna,F,34
577,Meygan,F,34
578,Mhya,F,34
579,Mian,M,34
580,Miana,F,34
581,Mianca,F,34
582,Miani,F,34
583,Mianna,F,34
584,Micaden,M,34
585,Micahya,F,34
586,Mican,M,34
587,Michigan,M,34
588,Mickenna,F,34
589,Midian,M,34
590,Midnight,F,34
591,Mkenna,F,34
592,Moana,F,34
593,Moani,F,34
594,Mobeen,M,34
595,Modean,F,34
596,Modena,F,34
597,Modene,F,34
598,Modenia,F,34
599,Moena,F,34
600,Mohan,M,34
601,Mohanad,M,34
602,Mohaned,M,34
603,Mohannad,M,34
604,Momen,M,34
605,Mon,M,34
606,Mona,F,34
607,Monaca,F,34
608,Monae,F,34
609,Monah,F,34
610,Monai,F,34
611,Monajah,F,34
612,Monce,F,34
613,Moncia,F,34
614,Monda,F,34
615,Mondo,M,34
616,Mone,F,34
617,Monea,F,34
618,Moneak,F,34
619,Moneca,F,34
620,Monecia,F,34
621,Monee,F,34
622,Moneeb,M,34
623,Moneek,F,34
624,Moneeka,F,34
625,Monek,F,34
626,Moneka,F,34
627,Moneke,F,34
628,Monekia,F,34
629,Monet,F,34
630,Moneta,F,34
631,Monetta,F,34
632,Monette,F,34
633,Money,F,34
634,Mong,M,34
635,Moni,F,34
636,Monia,F,34
637,Monic,F,34
638,Monica,F,34
639,Monice,F,34
640,Monicia,F,34
641,Monick,F,34
642,Monicka,F,34
643,Monico,M,34
644,Monie,F,34
645,Moniece,F,34
646,Monifa,F,34
647,Monifah,F,34
648,Monja,F,34
649,Monna,F,34
650,Monnette,F,34
651,Monnica,F,34
652,Monnie,F,34
653,Moon,F,34
654,Moona,F,34
655,Naama,F,34
656,Naamah,F,34
657,Naaman,M,34
658,Naami,F,34
659,Nacoma,M,34
660,Nacona,F,34
661,Nadeem,M,34
662,Naeem,M,34
663,Naeema,F,34
664,Naeemah,F,34
665,Naema,F,34
666,Naeomi,F,34
667,Nagham,F,34
668,Naheem,M,34
669,Nahema,F,34
670,Nahiem,M,34
671,Naieem,M,34
672,Naiem,M,34
673,Naiema,F,34
674,Najam,M,34
675,Najm,M,34
676,Najma,F,34
677,Najmah,F,34
678,Najmo,F,34
679,Nakeem,M,34
680,Nakeema,F,34
681,Nakema,F,34
682,Nakoma,M,34
683,Nam,M,34
684,Naman,M,34
685,Name,M,34
686,Nami,F,34
687,Namia,F,34
688,Namiah,F,34
689,Namie,F,34
690,Namon,M,34
691,Nanaama,F,34
692,Nanami,F,34
693,Naoma,F,34
694,Naome,F,34
695,Naomee,F,34
696,Naomi,F,34
697,Naomia,F,34
698,Naomie,F,34
699,Naomii,F,34
700,Neamiah,M,34
701,Nechama,F,34
702,Nechemia,M,34
703,Nechemiah,M,34
704,Necko,M,34
705,Neco,M,34
706,Needham,M,34
707,Neema,F,34
708,Neemah,F,34
709,Nehamiah,M,34
710,Nehemia,M,34
711,Nehemiah,M,34
712,Nehemie,F,34
713,Nema,F,34
714,Nemanja,M,34
715,Nemiah,M,34
716,Nemo,M,34
717,Neoma,F,34
718,Neomi,F,34
719,Neomia,F,34
720,Neomiah,M,34
721,Neomie,F,34
722,Neyamiah,F,34
723,Niam,M,34
724,Niama,F,34
725,Niamani,F,34
726,Niambi,F,34
727,Niamh,F,34
728,Niamiah,F,34
729,Niamke,M,34
730,Niaomi,F,34
731,Nicco,M,34
732,Nick,M,34
733,Nickai,M,34
734,Nickan,M,34
735,Nickea,F,34
736,Nicketa,F,34
737,Nickey,M,34
738,Nickeya,F,34
739,Nicki,F,34
740,Nickia,F,34
741,Nickie,F,34
742,Nickki,F,34
743,Nicko,M,34
744,Nickon,M,34
745,Nico,M,34
746,Nicodemo,M,34
747,Nicoe,F,34
748,Nieco,M,34
749,Nieem,M,34
750,Niem,M,34
751,Niema,F,34
752,Niemah,F,34
753,Nieman,M,34
754,Nkem,F,34
755,Nnaemeka,M,34
756,Nnamdi,M,34
757,Nneoma,F,34
758,Noam,M,34
759,Noami,F,34
760,Nocona,M,34
761,Noema,F,34
762,Noeme,F,34
763,Noemi,F,34
764,Noemie,F,34
765,Nohemi,F,34
766,Noma,F,34
767,Noman,M,34
768,Nomi,F,34
769,Nomia,F,34
770,Nomie,F,34
771,Noname,M,34
772,Noomi,F,34
773,Ma,F,3
774,Maaha,F,3
775,Maahi,F,3
776,Maame,F,3
777,Mabeth,F,3
778,Mac,M,3
779,Macade,M,3
780,Macai,M,3
781,Macaiah,F,3
782,Mace,M,3
783,Macee,F,3
784,Maceo,M,3
785,Macey,F,3
786,Mach,M,3
787,Machai,M,3
788,Mache,F,3
789,Machi,M,3
790,Machia,F,3
791,Machiah,F,3
792,Maci,F,3
793,Macia,F,3
794,Maciah,F,3
795,Macie,F,3
796,Maciee,F,3
797,Maciej,M,3
798,Macii,F,3
799,Mack,M,3
800,Mackai,M,3
801,Mackey,M,3
802,Mackie,M,3
803,Mada,F,3
804,Madai,F,3
805,Madajah,F,3
806,Maddee,F,3
807,Maddi,F,3
808,Maddie,F,3
809,Madee,F,3
810,Madeeha,F,3
811,Madge,F,3
812,Madgie,F,3
813,Madi,F,3
814,Madia,F,3
815,Madiba,M,3
816,Madie,F,3
817,Madiha,F,3
818,Mae,F,3
819,Maebh,F,3
820,Maeby,F,3
821,Maecee,F,3
822,Maeci,F,3
823,Maecie,F,3
824,Maeda,F,3
825,Maemi,F,3
826,Maeoma,F,3
827,Maeta,F,3
828,Maetta,F,3
829,Maeva,F,3
830,Maeve,F,3
831,Mag,F,3
832,Magabi,F,3
833,Magaby,F,3
834,Magda,F,3
835,Maged,M,3
836,Magee,F,3
837,Maggee,F,3
838,Maggi,F,3
839,Maggie,F,3
840,Maggy,F,3
841,Magi,F,3
842,Magic,M,3
843,Magie,F,3
844,Mah,F,3
845,Maha,F,3
846,Mahad,M,3
847,Mahadev,M,3
848,Mahadi,M,3
849,Mahak,F,3
850,Maham,F,3
851,Mahamed,M,3
852,Mahammad,M,3
853,Mahd,M,3
854,Mahde,M,3
855,Mahdee,M,3
856,Mahdi,M,3
857,Mahdia,F,3
858,Mahee,F,3
859,Mahek,F,3
860,Mahi,F,3
861,Mahia,F,3
862,Mahib,M,3
863,Mahie,F,3
864,Mai,F,3
865,Maia,F,3
866,Maiah,F,3
867,Maica,F,3
868,Maicee,F,3
869,Maicey,F,3
870,Maicie,F,3
871,Maico,M,3
872,Maida,F,3
873,Maidah,F,3
874,Maide,F,3
875,Maidee,F,3
876,Maidie,F,3
877,Maie,F,3
878,Maiha,F,3
879,Maja,F,3
880,Majd,M,3
881,Majda,F,3
882,Majdi,M,3
883,Majed,M,3
884,Majeed,M,3
885,Majeeda,F,3
886,Majid,M,3
887,Majida,F,3
888,Majok,M,3
889,Mak,M,3
890,Maka,F,3
891,Makada,F,3
892,Makade,M,3
893,Makah,M,3
894,Makahi,M,3
895,Makahia,F,3
896,Makai,M,3
897,Makaia,F,3
898,Makaiah,F,3
899,Makaih,M,3
900,Makaii,M,3
901,Makamae,F,3
902,Makao,M,3
903,Makda,F,3
904,Makea,F,3
905,Makeba,F,3
906,Makeda,F,3
907,Makeeba,F,3
908,Makei,M,3
909,Makeia,F,3
910,Makeo,M,3
911,Maketa,F,3
912,Maketta,F,3
913,Makeva,F,3
914,Makeya,F,3
915,Makhai,M,3
916,Makhi,M,3
917,Makhia,F,3
918,Makhii,M,3
919,Maki,M,3
920,Makia,F,3
921,Makiah,F,3
922,Makiba,F,3
923,Makida,F,3
924,Makieh,M,3
925,Makieya,F,3
926,Makih,M,3
927,Makii,M,3
928,Makkah,F,3
929,Mako,M,3
930,Makoa,M,3
931,Mama,F,3
932,Mamadi,M,3
933,Mame,F,3
934,Mami,F,3
935,Mamie,F,3
936,Mammie,F,3
937,Mao,F,3
938,Maomi,F,3
939,Mc,F,3
940,Mccabe,M,3
941,Mccade,M,3
942,Mccai,M,3
943,Mckade,M,3
944,Mckae,F,3
945,Mckai,M,3
946,Mckee,M,3
947,Md,M,3
948,Me,F,3
949,Mea,F,3
950,Meabh,F,3
951,Mead,M,3
952,Meada,F,3
953,Meade,M,3
954,Meadie,F,3
955,Meah,F,3
956,Meba,M,3
957,Meca,F,3
958,Mecca,F,3
959,Meccah,F,3
960,Mecha,F,3
961,Mecia,F,3
962,Mecie,F,3
963,Meco,M,3
964,Meda,F,3
965,Meddie,F,3
966,Medea,F,3
967,Medha,F,3
968,Media,F,3
969,Medie,F,3
970,Mee,F,3
971,Meea,F,3
972,Meeah,F,3
973,Meeka,F,3
974,Meekah,F,3
975,Meeko,M,3
976,Meet,M,3
977,Meeya,F,3
978,Meeyah,F,3
979,Meg,F,3
980,Mega,F,3
981,Megam,F,3
982,Meggi,F,3
983,Meggie,F,3
984,Megh,M,3
985,Megha,F,3
986,Megham,F,3
987,Meha,F,3
988,Mehak,F,3
989,Mehdi,M,3
990,Mehek,F,3
991,Mei,F,3
992,Meia,F,3
993,Meiah,F,3
994,Meka,F,3
995,Mekah,F,3
996,Mekai,M,3
997,Mekea,F,3
998,Mekeba,F,3
999,Mekeia,F,3
1000,Mekhai,M,3
1001,Mekhi,M,3
1002,Mekhia,F,3
1003,Mekhiah,F,3
1004,Meki,M,3
1005,Mekia,F,3
1006,Mekiah,F,3
1007,Mekih,M,3
1008,Mekka,F,3
1009,Mekkah,F,3
1010,Mekkhi,M,3
1011,Mekko,M,3
1012,Meko,F,3
1013,Meme,F,3
1014,Meta,F,3
1015,Mete,M,3
1016,Metha,F,3
1017,Meti,F,3
1018,Metta,F,3
1019,Mette,F,3
1020,Mettie,F,3
1021,Mey,F,3
1022,Meya,F,3
1023,Meyah,F,3
1024,Mhia,F,3
1025,Mi,F,3
1026,Mia,F,3
1027,Miaa,F,3
1028,Miah,F,3
1029,Miaha,F,3
1030,Miaja,F,3
1031,Miajah,F,3
1032,Miakka,F,3
1033,Miakoda,F,3
1034,Miami,F,3
1035,Mic,M,3
1036,Mica,F,3
1037,Micah,M,3
1038,Micahi,M,3
1039,Micahia,F,3
1040,Micai,M,3
1041,Micaiah,M,3
1042,Micaih,M,3
1043,Micajah,M,3
1044,Micca,F,3
1045,Miccah,M,3
1046,Micco,M,3
1047,Mich,M,3
1048,Micha,M,3
1049,Michae,M,3
1050,Michaee,M,3
1051,Michah,M,3
1052,Michai,M,3
1053,Michaia,F,3
1054,Michaiah,F,3
1055,Miche,F,3
1056,Michea,F,3
1057,Michi,F,3
1058,Michia,F,3
1059,Michiah,F,3
1060,Michie,F,3
1061,Micia,F,3
1062,Miciah,F,3
1063,Mick,M,3
1064,Mickey,M,3
1065,Micki,F,3
1066,Mickia,F,3
1067,Mickie,F,3
1068,Mico,M,3
1069,Mida,F,3
1070,Midajah,F,3
1071,Middie,F,3
1072,Midge,F,3
1073,Midgie,F,3
1074,Mie,F,3
1075,Mieka,F,3
1076,Mieke,F,3
1077,Mieko,F,3
1078,Miette,F,3
1079,Mieya,F,3
1080,Miggie,F,3
1081,Miha,F,3
1082,Mihai,M,3
1083,Miia,F,3
1084,Mj,M,3
1085,Mkai,M,3
1086,Mo,M,3
1087,Moad,M,3
1088,Mocha,F,3
1089,Mode,M,3
1090,Modie,M,3
1091,Moe,M,3
1092,Moeko,F,3
1093,Moet,F,3
1094,Moffett,M,3
1095,Mohab,M,3
1096,Mohamad,M,3
1097,Mohamed,M,3
1098,Mohammad,M,3
1099,Mohammed,M,3
1100,Mohd,M,3
1101,Mohib,M,3
1102,Mohid,M,3
1103,Mojtaba,M,3
1104,Momie,F,3
1105,Momo,F,3
1106,Momoe,F,3
1107,Momoka,F,3
1108,Momoko,F,3
1109,Moo,M,3
1110,Na,F,4
1111,Naa,F,4
1112,Naadia,F,4
1113,Naajia,F,4
1114,Naana,F,4
1115,Naba,F,4
1116,Nabeeha,F,4
1117,Nabhan,M,4
1118,Nabhya,M,4
1119,Nabi,M,4
1120,Nabia,F,4
1121,Nabiha,F,4
1122,Nabihah,F,4
1123,Nace,M,4
1124,Nache,F,4
1125,Nada,F,4
1126,Nadaja,F,4
1127,Nadea,F,4
1128,Nadean,F,4
1129,Nadeane,F,4
1130,Nadeen,F,4
1131,Nadeene,F,4
1132,Nadege,F,4
1133,Nadeige,F,4
1134,Nadeja,F,4
1135,Naden,M,4
1136,Nadene,F,4
1137,Nadeya,F,4
1138,Nadia,F,4
1139,Nadiah,F,4
1140,Nadie,F,4
1141,Nadja,F,4
1142,Nadjah,F,4
1143,Naethan,M,4
1144,Naevia,F,4
1145,Nafee,M,4
1146,Nafi,M,4
1147,Nafia,F,4
1148,Nagee,M,4
1149,Nagi,M,4
1150,Nahdia,F,4
1151,Naheed,F,4
1152,Nahia,F,4
1153,Nahid,F,4
1154,Nahida,F,4
1155,Nahide,F,4
1156,Nahtanha,F,4
1157,Nahya,F,4
1158,Nahyan,M,4
1159,Nai,F,4
1160,Naia,F,4
1161,Naiah,F,4
1162,Naiana,F,4
1163,Naibe,F,4
1164,Naida,F,4
1165,Naiden,M,4
1166,Naif,M,4
1167,Naja,F,4
1168,Najaah,F,4
1169,Najada,F,4
1170,Najae,F,4
1171,Najah,F,4
1172,Najai,F,4
1173,Naje,F,4
1174,Najea,F,4
1175,Najee,M,4
1176,Najeeb,M,4
1177,Najeebah,F,4
1178,Najeh,M,4
1179,Najha,F,4
1180,Naji,M,4
1181,Najia,F,4
1182,Najiah,F,4
1183,Najib,M,4
1184,Najih,M,4
1185,Najja,M,4
1186,Najji,M,4
1187,Najon,M,4
1188,Najya,F,4
1189,Nakai,M,4
1190,Nakaia,F,4
1191,Nakaiah,F,4
1192,Nakea,F,4
1193,Nakeba,F,4
1194,Nakecia,F,4
1195,Nakeda,F,4
1196,Nakee,F,4
1197,Nakeea,F,4
1198,Nakeena,F,4
1199,Nakeeta,F,4
1200,Nakeia,F,4
1201,Naketa,F,4
1202,Naketta,F,4
1203,Nakevia,F,4
1204,Nakeya,F,4
1205,Nakeyah,F,4
1206,Nakeyia,F,4
1207,Nakeyta,F,4
1208,Nakhi,M,4
1209,Nakhia,F,4
1210,Nakhya,F,4
1211,Naki,M,4
1212,Nakia,F,4
1213,Nakiah,F,4
1214,Nakida,F,4
1215,Nakie,F,4
1216,Nakiea,F,4
1217,Nakieta,F,4
1218,Nakieya,F,4
1219,Nakkia,F,4
1220,Nakoa,M,4
1221,Nakoda,M,4
1222,Nan,F,4
1223,Nana,F,4
1224,Nanako,F,4
1225,Nance,F,4
1226,Nancee,F,4
1227,Nancey,F,4
1228,Nanci,F,4
1229,Nanciann,F,4
1230,Nancianne,F,4
1231,Nancie,F,4
1232,Nand,M,4
1233,Nanda,F,4
1234,Nandan,M,4
1235,Nandana,F,4
1236,Nandhan,M,4
1237,Nandhana,F,4
1238,Nandi,F,4
1239,Nandni,F,4
1240,Nando,M,4
1241,Nanea,F,4
1242,Naneka,F,4
1243,Nanett,F,4
1244,Nanetta,F,4
1245,Nanette,F,4
1246,Nang,M,4
1247,Nani,F,4
1248,Nanie,F,4
1249,Nann,F,4
1250,Nanna,F,4
1251,Nannett,F,4
1252,Nannetta,F,4
1253,Nannette,F,4
1254,Nannie,F,4
1255,Nao,F,4
1256,Naobi,F,4
1257,Naod,M,4
1258,Naoh,M,4
1259,Naoki,M,4
1260,Naoko,F,4
1261,Ndea,F,4
1262,Ndey,F,4
1263,Ndeye,F,4
1264,Ndia,F,4
1265,Ndidi,F,4
1266,Nea,F,4
1267,Neah,F,4
1268,Neajah,F,4
1269,Neako,M,4
1270,Neana,F,4
1271,Necha,F,4
1272,Nechy,F,4
1273,Neci,F,4
1274,Necia,F,4
1275,Necie,F,4
1276,Ned,M,4
1277,Neda,F,4
1278,Nedda,F,4
1279,Neddie,M,4
1280,Nedenia,F,4
1281,Nedia,F,4
1282,Neeah,F,4
1283,Neeka,F,4
1284,Neeko,M,4
1285,Neena,F,4
1286,Neenah,F,4
1287,Neeta,F,4
1288,Neeti,F,4
1289,Neev,M,4
1290,Neeva,F,4
1291,Neeve,F,4
1292,Neeya,F,4
1293,Neeyah,F,4
1294,Neff,M,4
1295,Nefi,M,4
1296,Negan,F,4
1297,Negeen,F,4
1298,Neghan,F,4
1299,Neha,F,4
1300,Nehan,M,4
1301,Neia,F,4
1302,Neiba,F,4
1303,Neicha,F,4
1304,Neida,F,4
1305,Neidi,F,4
1306,Neji,M,4
1307,Neka,F,4
1308,Nekea,F,4
1309,Nekeda,F,4
1310,Nekeia,F,4
1311,Neketa,F,4
1312,Nekeya,F,4
1313,Nekhi,M,4
1314,Nekia,F,4
1315,Nekki,F,4
1316,Nekko,M,4
1317,Neko,M,4
1318,Nekoda,M,4
1319,Nena,F,4
1320,Nenad,M,4
1321,Nenah,F,4
1322,Nene,F,4
1323,Neneh,F,4
1324,Nenette,F,4
1325,Neng,M,4
1326,Nenia,F,4
1327,Neno,M,4
1328,Neo,M,4
1329,Neon,M,4
1330,Neona,F,4
1331,Neta,F,4
1332,Netania,F,4
1333,Netha,F,4
1334,Nethan,M,4
1335,Nethania,F,4
1336,Nethaniah,M,4
1337,Netia,F,4
1338,Netta,F,4
1339,Nette,F,4
1340,Nettie,F,4
1341,Netty,F,4
1342,Nettye,F,4
1343,Nev,F,4
1344,Neva,F,4
1345,Nevaan,M,4
1346,Nevach,F,4
1347,Nevada,F,4
1348,Nevae,F,4
1349,Nevaeh,F,4
1350,Nevaeha,F,4
1351,Nevaehia,F,4
1352,Nevaen,F,4
1353,Nevah,F,4
1354,Nevaha,F,4
1355,Nevaiah,F,4
1356,Nevan,M,4
1357,Neve,F,4
1358,Nevea,F,4
1359,Neveah,F,4
1360,Neveaha,F,4
1361,Neveen,F,4
1362,Neven,M,4
1363,Nevena,F,4
1364,Neveya,F,4
1365,Neveyah,F,4
1366,Nevia,F,4
1367,Neviah,F,4
1368,Ney,M,4
1369,Neya,F,4
1370,Neyah,F,4
1371,Neyba,F,4
1372,Neyda,F,4
1373,Neydi,F,4
1374,Neythan,M,4
1375,Neyva,F,4
1376,Ng,M,4
1377,Nga,F,4
1378,Ngai,M,4
1379,Ngan,F,4
1380,Nghi,F,4
1381,Nghia,M,4
1382,Nha,M,4
1383,Nhan,M,4
1384,Nhi,F,4
1385,Nhia,M,4
1386,Nhya,F,4
1387,Ni,F,4
1388,Nia,F,4
1389,Niah,F,4
1390,Niaja,F,4
1391,Niajah,F,4
1392,Niaje,F,4
1393,Niakia,F,4
1394,Niana,F,4
1395,Niang,F,4
1396,Niani,F,4
1397,Nianna,F,4
1398,Nic,M,4
1399,Nica,F,4
1400,Nicci,F,4
1401,Nicey,F,4
1402,Nicha,F,4
1403,Niche,F,4
1404,Nichet,F,4
1405,Nicia,F,4
1406,Niciah,F,4
1407,Nicie,F,4
1408,Nida,F,4
1409,Nidhi,F,4
1410,Nidia,F,4
1411,Nieja,F,4
1412,Nieka,F,4
1413,Niekia,F,4
1414,Nieko,M,4
1415,Nieta,F,4
1416,Nieva,F,4
1417,Nieve,F,4
1418,Nieya,F,4
1419,Nigee,M,4
1420,Niha,F,4
1421,Nihad,F,4
1422,Nihya,F,4
1423,Nii,M,4
1424,Niia,F,4
1425,Njideka,F,4
1426,Nkao,F,4
1427,Nkechi,F,4
1428,Nkenge,F,4
1429,Nna,F,4
1430,Nnanna,M,4
1431,Nneka,F,4
1432,Nnenna,F,4
1433,No,F,4
1434,Noa,F,4
1435,Noaah,M,4
1436,Noach,M,4
1437,Noah,M,4
1438,Noahh,M,4
1439,Noan,M,4
1440,Nobia,F,4
1441,Nobie,F,4
1442,Noda,F,4
1443,Nodia,F,4
1444,Nodie,F,4
1445,Noe,M,4
1446,Noeh,M,4
1447,Noey,M,4
1448,Noga,F,4
1449,Noha,F,4
1450,Nohe,M,4
1451,Nohea,F,4
1452,Nokia,F,4
1453,Nona,F,4
1454,Nonah,F,4
1455,Nonda,F,4
1456,Nong,M,4
1457,Noni,F,4
1458,Nonia,F,4
1459,Nonie,F,4
1460,Nonna,F,4
1461,Nonnie,F,4
1462,Nooh,M,4
1463,Noon,F,4
1464,Sa,M,1
1465,Saachi,F,1
1466,Saad,M,1
1467,Saada,F,1
1468,Saadia,F,1
1469,Saahas,M,1
1470,Saaid,M,1
1471,Saajid,M,1
1472,Saajida,F,1
1473,Saaketh,M,1
1474,Saakshi,F,1
1475,Saasha,F,1
1476,Saba,F,1
1477,Sabah,F,1
1478,Sabas,M,1
1479,Sabe,M,1
1480,Sabeeh,M,1
1481,Sabha,F,1
1482,Sabia,F,1
1483,Sabih,M,1
1484,Sabiha,F,1
1485,Saby,F,1
1486,Sacha,F,1
1487,Sache,F,1
1488,Sachet,F,1
1489,Sachi,F,1
1490,Sachie,F,1
1491,Sachika,F,1
1492,Sachiko,F,1
1493,Sacia,F,1
1494,Sada,F,1
1495,Sadae,F,1
1496,Sadaf,F,1
1497,Sadako,F,1
1498,Sadao,M,1
1499,Saddie,F,1
1500,Sade,F,1
1501,Sadea,F,1
1502,Sadee,F,1
1503,Sadeigh,F,1
1504,Sadeja,F,1
1505,Sadey,F,1
1506,Sadhika,F,1
1507,Sadi,F,1
1508,Sadia,F,1
1509,Sadiah,F,1
1510,Sadie,F,1
1511,Sadiee,F,1
1512,Sadiga,F,1
1513,Sadik,M,1
1514,Sadika,F,1
1515,Sadiki,M,1
1516,Sadio,F,1
1517,Sae,F,1
1518,Saed,M,1
1519,Saedee,F,1
1520,Saedi,F,1
1521,Saedie,F,1
1522,Saee,F,1
1523,Saeed,M,1
1524,Saeeda,F,1
1525,Saeko,F,1
1526,Saesha,F,1
1527,Safa,F,1
1528,Safaa,F,1
1529,Safah,F,1
1530,Safee,M,1
1531,Safet,M,1
1532,Safeya,F,1
1533,Saffa,F,1
1534,Safi,M,1
1535,Safia,F,1
1536,Safiah,F,1
1537,Saga,F,1
1538,Sage,F,1
1539,Sahai,F,1
1540,Sahaj,M,1
1541,Sahas,M,1
1542,Saheb,M,1
1543,Saheed,M,1
1544,Sahej,M,1
1545,Sahib,M,1
1546,Sahiba,F,1
1547,Sahid,M,1
1548,Sai,M,1
1549,Saia,F,1
1550,Saiah,F,1
1551,Saichi,M,1
1552,Said,M,1
1553,Saida,F,1
1554,Saidah,F,1
1555,Saide,F,1
1556,Saidee,F,1
1557,Saidey,F,1
1558,Saidi,F,1
1559,Saidie,F,1
1560,Saied,M,1
1561,Saif,M,1
1562,Saige,F,1
1563,Saiid,M,1
1564,Saija,F,1
1565,Saije,F,1
1566,Saish,M,1
1567,Saisha,F,1
1568,Saja,F,1
1569,Sajaad,M,1
1570,Sajad,M,1
1571,Sajada,F,1
1572,Sajah,F,1
1573,Sajda,F,1
1574,Sajdah,F,1
1575,Saje,F,1
1576,Sajed,M,1
1577,Sajeda,F,1
1578,Saji,M,1
1579,Sajid,M,1
1580,Sajidah,F,1
1581,Sajjad,M,1
1582,Sakae,M,1
1583,Sakai,M,1
1584,Sakeef,M,1
1585,Saket,M,1
1586,Saketh,M,1
1587,Saketha,F,1
1588,Sakeya,F,1
1589,Sakhi,M,1
1590,Sakhia,F,1
1591,Saki,F,1
1592,Sakia,F,1
1593,Sakiah,F,1
1594,Sakib,M,1
1595,Sakiko,F,1
1596,Sakisha,F,1
1597,Sakshi,F,1
1598,Sao,M,1
1599,Sascha,F,1
1600,Sasha,F,1
1601,Sashae,F,1
1602,Sashe,F,1
1603,Sashi,F,1
1604,Sashia,F,1
1605,Sasia,F,1
1606,Saskia,F,1
1607,Schad,M,1
1608,Schae,F,1
1609,Se,F,1
1610,Sea,M,1
1611,Seab,M,1
1612,Seba,F,1
1613,Sebie,M,1
1614,Secia,F,1
1615,Seda,F,1
1616,Sedgie,M,1
1617,See,F,1
1618,Seeta,F,1
1619,Seeya,F,1
1620,Sef,M,1
1621,Segio,M,1
1622,Sehaj,F,1
1623,Sehej,F,1
1624,Sei,M,1
1625,Seichi,M,1
1626,Seid,M,1
1627,Seidi,F,1
1628,Seif,M,1
1629,Seiichi,M,1
1630,Seija,F,1
1631,Seiji,M,1
1632,Seiki,M,1
1633,Seikichi,M,1
1634,Seiko,M,1
1635,Seja,F,1
1636,Seka,F,1
1637,Sekai,M,1
1638,Sekia,F,1
1639,Sesha,F,1
1640,Set,M,1
1641,Seta,F,1
1642,Seth,M,1
1643,Sethe,M,1
1644,Seva,F,1
1645,Sevaeh,F,1
1646,Sevag,M,1
1647,Sevak,M,1
1648,Sevda,F,1
1649,Seve,M,1
1650,Seveah,F,1
1651,Sevi,F,1
1652,Seviah,F,1
1653,Sevy,M,1
1654,Seya,F,1
1655,Seydi,F,1
1656,Seyed,M,1
1657,Seyha,M,1
1658,Sha,F,1
1659,Shaad,M,1
1660,Shaasia,F,1
1661,Shaba,M,1
1662,Shabab,M,1
1663,Shabaka,M,1
1664,Shabd,M,1
1665,Shachi,F,1
1666,Shad,M,1
1667,Shada,F,1
1668,Shadae,F,1
1669,Shadai,F,1
1670,Shadaisha,F,1
1671,Shadaja,F,1
1672,Shadajah,F,1
1673,Shadasha,F,1
1674,Shadasia,F,1
1675,Shadd,M,1
1676,Shaddai,F,1
1677,Shade,F,1
1678,Shadea,F,1
1679,Shadee,F,1
1680,Shadeed,M,1
1681,Shadeja,F,1
1682,Shadejah,F,1
1683,Shadey,F,1
1684,Shadi,M,1
1685,Shadia,F,1
1686,Shadie,F,1
1687,Shadijah,F,1
1688,Shae,F,1
1689,Shafee,M,1
1690,Shafi,M,1
1691,Shaft,M,1
1692,Shah,M,1
1693,Shahab,M,1
1694,Shahad,F,1
1695,Shahada,F,1
1696,Shahadah,F,1
1697,Shahd,F,1
1698,Shahed,F,1
1699,Shaheed,M,1
1700,Shaheeda,F,1
1701,Shaheedah,F,1
1702,Shahid,M,1
1703,Shahida,F,1
1704,Shahidah,F,1
1705,Shahied,M,1
1706,Shai,F,1
1707,Shaia,F,1
1708,Shaiasia,F,1
1709,Shaid,M,1
1710,Shaida,F,1
1711,Shaik,M,1
1712,Shaikh,M,1
1713,Shaikha,F,1
1714,Shaisha,F,1
1715,Shaka,M,1
1716,Shakai,M,1
1717,Shakea,F,1
1718,Shakeah,F,1
1719,Shakeba,F,1
1720,Shaked,M,1
1721,Shakeda,F,1
1722,Shakee,M,1
1723,Shakeeka,F,1
1724,Shakeeta,F,1
1725,Shakeia,F,1
1726,Shakeisha,F,1
1727,Shakesha,F,1
1728,Shakeshia,F,1
1729,Shaketa,F,1
1730,Shaketha,F,1
1731,Shakethia,F,1
1732,Shaketia,F,1
1733,Shaketta,F,1
1734,Shakeva,F,1
1735,Shakevia,F,1
1736,Shakeya,F,1
1737,Shakeyah,F,1
1738,Shakeyda,F,1
1739,Shakeyia,F,1
1740,Shakeyta,F,1
1741,Shakhia,F,1
1742,Shaki,M,1
1743,Shakia,F,1
1744,Shakiah,F,1
1745,Shakib,M,1
1746,Shakida,F,1
1747,Shakiea,F,1
1748,Shakiesha,F,1
1749,Shakieta,F,1
1750,Shakisha,F,1
1751,Shakka,F,1
1752,Shakkia,F,1
1753,Shakobe,M,1
1754,Shao,M,1
1755,Shasa,F,1
1756,Shasha,F,1
1757,Shashi,M,1
1758,Shaska,F,1
1759,She,F,1
1760,Shea,F,1
1761,Sheba,F,1
1762,Sheccid,F,1
1763,Shecid,F,1
1764,Shed,M,1
1765,Sheeba,F,1
1766,Sheeva,F,1
1767,Shehab,M,1
1768,Sheida,F,1
1769,Sheik,M,1
1770,Sheika,F,1
1771,Sheikh,M,1
1772,Sheikha,F,1
1773,Sheka,F,1
1774,Shekeia,F,1
1775,Sheketa,F,1
1776,Sheketha,F,1
1777,Shekevia,F,1
1778,Shekeya,F,1
1779,Shekia,F,1
1780,Sheshe,F,1
1781,Sheteka,F,1
1782,Shetia,F,1
1783,Shetika,F,1
1784,Sheva,F,1
1785,Shevetta,F,1
1786,Shevette,F,1
1787,Shevi,F,1
1788,Shevy,F,1
1789,Shey,M,1
1790,Sheya,M,1
1791,Sheyda,F,1
1792,Sheza,F,1
1793,Shi,F,1
1794,Shia,M,1
1795,Shiah,F,1
1796,Shiasia,F,1
1797,Shida,F,1
1798,Shie,M,1
1799,Shieda,F,1
1800,Shieka,F,1
1801,Shiesha,F,1
1802,Shifa,F,1
1803,Shiffy,F,1
1804,Shig,M,1
1805,Shige,M,1
1806,Shigeki,M,1
1807,Shigeko,F,1
1808,Shigeo,M,1
1809,Shigeto,M,1
1810,Shigetoshi,M,1
1811,Shihab,M,1
1812,Shiketa,F,1
1813,Shikha,F,1
1814,Shikia,F,1
1815,Si,M,1
1816,Sia,F,1
1817,Siah,F,1
1818,Siaka,M,1
1819,Siaki,M,1
1820,Siaosi,M,1
1821,Sias,M,1
1822,Siba,F,1
1823,Sibbie,F,1
1824,Sibi,M,1
1825,Sid,M,1
1826,Sidak,M,1
1827,Sidda,F,1
1828,Siddeegah,F,1
1829,Siddh,M,1
1830,Siddhesh,M,1
1831,Siddhi,F,1
1832,Siddie,F,1
1833,Sidea,F,1
1834,Sidh,M,1
1835,Sidi,M,1
1836,Sidiki,M,1
1837,Sie,M,1
1838,Sieda,F,1
1839,Siedah,F,1
1840,Sifa,F,1
1841,Sig,M,1
1842,Siosaia,M,1
1843,Sisi,F,1
1844,Sissi,F,1
1845,Sissie,F,1
1846,Sj,M,1
1847,Skai,F,1
1848,Skeet,M,1
1849,Ski,F,1
1850,Skie,F,1
1851,Skii,F,1
1852,So,F,1
1853,Sobeida,F,1
1854,Sobia,F,1
1855,Sochi,F,1
1856,Soda,F,1
1857,Soe,M,1
1858,Sofee,F,1
1859,Soffia,F,1
1860,Soffie,F,1
1861,Sofhia,F,1
1862,Sofi,F,1
1863,Sofia,F,1
1864,Sofiah,F,1
1865,Sofie,F,1
1866,Sofija,F,1
1867,Sofya,F,1
1868,Soha,F,1
1869,Sohaib,M,1
1870,Soichi,M,1
1871,Sok,M,1
1872,Sokha,F,1
1873,Soo,F,1
1874,Sook,F,1
1875,Sookie,F,1
1876,Sosaia,M,1
1877,Sosha,F,1
1878,Sosie,F,1
1879,Za,M,1
1880,Zabdi,F,1
1881,Zac,M,1
1882,Zacai,M,1
1883,Zaccai,M,1
1884,Zace,M,1
1885,Zach,M,1
1886,Zachai,M,1
1887,Zachi,M,1
1888,Zada,F,1
1889,Zadah,F,1
1890,Zaddie,F,1
1891,Zade,M,1
1892,Zadee,F,1
1893,Zadi,F,1
1894,Zadia,F,1
1895,Zadie,F,1
1896,Zae,M,1
1897,Zaeda,F,1
1898,Zaeya,F,1
1899,Zahi,M,1
1900,Zahia,F,1
1901,Zahid,M,1
1902,Zahida,F,1
1903,Zahidah,F,1
1904,Zai,M,1
1905,Zaia,F,1
1906,Zaiah,F,1
1907,Zaid,M,1
1908,Zaida,F,1
1909,Zaidah,F,1
1910,Zaide,M,1
1911,Zaidee,F,1
1912,Zaisha,F,1
1913,Zak,M,1
1914,Zakai,M,1
1915,Zake,M,1
1916,Zakee,M,1
1917,Zakeea,F,1
1918,Zakeia,F,1
1919,Zakeya,F,1
1920,Zakeyah,F,1
1921,Zakeyia,F,1
1922,Zakhai,M,1
1923,Zakhi,M,1
1924,Zakhia,F,1
1925,Zaki,M,1
1926,Zakia,F,1
1927,Zakiah,F,1
1928,Zakk,M,1
1929,Zakkai,M,1
1930,Zao,M,1
1931,Zasha,F,1
1932,Zasia,F,1
1933,Ze,M,1
1934,Zea,F,1
1935,Zeah,F,1
1936,Zeak,M,1
1937,Zeasia,F,1
1938,Zeb,M,1
1939,Zeba,F,1
1940,Zebadiah,M,1
1941,Zebbie,M,1
1942,Zebdee,M,1
1943,Zebedee,M,1
1944,Zebediah,M,1
1945,Zebidiah,M,1
1946,Zed,M,1
1947,Zeda,F,1
1948,Zeddie,M,1
1949,Zedek,M,1
1950,Zedekiah,M,1
1951,Zee,M,1
1952,Zeek,M,1
1953,Zeev,M,1
1954,Zeeva,F,1
1955,Zef,M,1
1956,Zeffie,F,1
1957,Zeid,M,1
1958,Zeida,F,1
1959,Zeidi,F,1
1960,Zeik,M,1
1961,Zek,M,1
1962,Zekai,M,1
1963,Zeke,M,1
1964,Zekhi,M,1
1965,Zeki,M,1
1966,Zekia,F,1
1967,Zekiah,M,1
1968,Zeta,F,1
1969,Zeth,M,1
1970,Zetha,F,1
1971,Zetta,F,1
1972,Zettie,F,1
1973,Zev,M,1
1974,Zeva,F,1
1975,Zevaeh,F,1
1976,Zevi,M,1
1977,Zeya,F,1
1978,Zeyad,M,1
1979,Zeyah,F,1
1980,Zeyd,M,1
1981,Zeyda,F,1
1982,Zeza,F,1
1983,Zhaki,M,1
1984,Zhi,M,1
1985,Zhia,F,1
1986,Zi,F,1
1987,Zia,F,1
1988,Ziad,M,1
1989,Ziah,F,1
1990,Ziasia,F,1
1991,Ziba,M,1
1992,Zida,F,1
1993,Ziggie,M,1
1994,Zihao,M,1
1995,Zikee,M,1
1996,Zikeya,F,1
1997,Zikeyah,F,1
1998,Zikia,F,1
1999,Zishe,M,1
2000,Zvi,M,1
2001,Zy,M,1
2002,Zya,F,1
2003,Zyad,M,1
2004,Zyah,F,1
2005,Zyashia,F,1
2006,Zyasia,F,1
2007,Zyda,F,1
2008,Zydia,F,1
2009,Zye,M,1
2010,Zyesha,F,1
2011,Zyia,F,1
2012,Zyiah,F,1
